ra,dec
179.6006208,77.06529438
179.51003505,6.01397169
179.06511525,17.33597002
